{
  "HTTP Request-1" : {
    "transaction" : "HTTP Request-1",
    "sampleCount" : 100,
    "errorCount" : 0,
    "errorPct" : 0.0,
    "meanResTime" : 275.36000000000007,
    "medianResTime" : 103.0,
    "minResTime" : 85.0,
    "maxResTime" : 1420.0,
    "pct1ResTime" : 898.6,
    "pct2ResTime" : 1242.3999999999985,
    "pct3ResTime" : 1418.4099999999992,
    "throughput" : 10.111223458038422,
    "receivedKBytesPerSec" : 21.848339547522748,
    "sentKBytesPerSec" : 1.2145317239635995
  },
  "Total" : {
    "transaction" : "Total",
    "sampleCount" : 300,
    "errorCount" : 0,
    "errorPct" : 0.0,
    "meanResTime" : 247.65999999999997,
    "medianResTime" : 110.0,
    "minResTime" : 48.0,
    "maxResTime" : 1599.0,
    "pct1ResTime" : 625.000000000001,
    "pct2ResTime" : 1133.1499999999999,
    "pct3ResTime" : 1545.98,
    "throughput" : 29.4521892794031,
    "receivedKBytesPerSec" : 61.58422098959356,
    "sentKBytesPerSec" : 4.716952189279403
  },
  "HTTP Request-0" : {
    "transaction" : "HTTP Request-0",
    "sampleCount" : 100,
    "errorCount" : 0,
    "errorPct" : 0.0,
    "meanResTime" : 95.30999999999999,
    "medianResTime" : 59.0,
    "minResTime" : 48.0,
    "maxResTime" : 515.0,
    "pct1ResTime" : 285.0,
    "pct2ResTime" : 372.5999999999997,
    "pct3ResTime" : 513.7099999999994,
    "throughput" : 10.347682119205299,
    "receivedKBytesPerSec" : 10.096063677048841,
    "sentKBytesPerSec" : 1.2429344733029801
  },
  "HTTP Request" : {
    "transaction" : "HTTP Request",
    "sampleCount" : 100,
    "errorCount" : 0,
    "errorPct" : 0.0,
    "meanResTime" : 372.31,
    "medianResTime" : 168.0,
    "minResTime" : 139.0,
    "maxResTime" : 1599.0,
    "pct1ResTime" : 1115.900000000001,
    "pct2ResTime" : 1528.8499999999976,
    "pct3ResTime" : 1598.5799999999997,
    "throughput" : 9.8173964264677,
    "receivedKBytesPerSec" : 30.79211049479678,
    "sentKBytesPerSec" : 2.3584760946397014
  }
}